<?xml version="1.0" encoding="UTF-8"?>
<metadata xml:lang="en"><Esri><CreaDate>20210719</CreaDate><CreaTime>13401100</CreaTime><ArcGISFormat>1.0</ArcGISFormat><SyncOnce>TRUE</SyncOnce><DataProperties><lineage><Process ToolSource="c:\program files\arcgis\pro\Resources\ArcToolbox\toolboxes\Conversion Tools.tbx\FeatureClassToFeatureClass" Date="20210719" Time="134011">FeatureClassToFeatureClass "Confirmed Cases per 100,000" C:\Users\steve.williams\Documents\COVID\Maps\TrainingData\Data FultonCountyZipCodes.shp # "ZipCode "ZipCode" true true false 10 Text 0 0,First,#,Confirmed Cases per 100,000,ZipCodesFulton.ZipCode,0,10;SHAPE_Leng "SHAPE_Leng" true true false 19 Double 0 0,First,#,Confirmed Cases per 100,000,ZipCodesFulton.SHAPE_Leng,-1,-1;SHAPE_Area "SHAPE_Area" true true false 19 Double 0 0,First,#,Confirmed Cases per 100,000,ZipCodesFulton.SHAPE_Area,-1,-1;Population "Population" true true false 10 Long 0 10,First,#,Confirmed Cases per 100,000,ZipCodesFulton.Population,-1,-1;ZipCode_1 "ZipCode" true true false 8000 Text 0 0,First,#,Confirmed Cases per 100,000,CasesByZipCode.csv.ZipCode,0,8000;Population_1 "Population" true true false 4 Long 0 0,First,#,Confirmed Cases per 100,000,CasesByZipCode.csv.Population,-1,-1;cases "cases" true true false 4 Long 0 0,First,#,Confirmed Cases per 100,000,CasesByZipCode.csv.cases,-1,-1;cases_no_ltcf "cases_no_ltcf" true true false 4 Long 0 0,First,#,Confirmed Cases per 100,000,CasesByZipCode.csv.cases_no_ltcf,-1,-1;cases_14day "cases_14day" true true false 4 Long 0 0,First,#,Confirmed Cases per 100,000,CasesByZipCode.csv.cases_14day,-1,-1;cases_no_ltcf_14day "cases_no_ltcf_14day" true true false 4 Long 0 0,First,#,Confirmed Cases per 100,000,CasesByZipCode.csv.cases_no_ltcf_14day,-1,-1;cases_per_1000 "cases_per_1000" true true false 8 Double 0 0,First,#,Confirmed Cases per 100,000,CasesByZipCode.csv.cases_per_1000,-1,-1;cases_no_ltcf_per_1000 "cases_no_ltcf_per_1000" true true false 8 Double 0 0,First,#,Confirmed Cases per 100,000,CasesByZipCode.csv.cases_no_ltcf_per_1000,-1,-1;cases_14day_per_1000 "cases_14day_per_1000" true true false 8 Double 0 0,First,#,Confirmed Cases per 100,000,CasesByZipCode.csv.cases_14day_per_1000,-1,-1;cases_no_ltcf_14day_per_1000 "cases_no_ltcf_14day_per_1000" true true false 8 Double 0 0,First,#,Confirmed Cases per 100,000,CasesByZipCode.csv.cases_no_ltcf_14day_per_1000,-1,-1;start_14_day "start_14_day" true true false 8 Date 0 0,First,#,Confirmed Cases per 100,000,CasesByZipCode.csv.start_14_day,-1,-1;end_14_day "end_14_day" true true false 8 Date 0 0,First,#,Confirmed Cases per 100,000,CasesByZipCode.csv.end_14_day,-1,-1" #</Process><Process ToolSource="c:\program files\arcgis\pro\Resources\ArcToolbox\toolboxes\Data Management Tools.tbx\UpdateSchema" Date="20210719" Time="134141">UpdateSchema "CIMDATA=&lt;CIMStandardDataConnection xsi:type='typens:CIMStandardDataConnection' xmlns:xsi='http://www.w3.org/2001/XMLSchema-instance' xmlns:xs='http://www.w3.org/2001/XMLSchema' xmlns:typens='http://www.esri.com/schemas/ArcGIS/2.6.0'&gt;&lt;WorkspaceConnectionString&gt;DATABASE=C:\Users\steve.williams\Documents\COVID\Maps\TrainingData\Data&lt;/WorkspaceConnectionString&gt;&lt;WorkspaceFactory&gt;Shapefile&lt;/WorkspaceFactory&gt;&lt;Dataset&gt;FultonCountyZipCodes&lt;/Dataset&gt;&lt;DatasetType&gt;esriDTFeatureClass&lt;/DatasetType&gt;&lt;/CIMStandardDataConnection&gt;" &lt;operationSequence&gt;&lt;workflow&gt;&lt;DeleteField&gt;&lt;field_name&gt;ZipCode_1&lt;/field_name&gt;&lt;field_name&gt;Populati_1&lt;/field_name&gt;&lt;field_name&gt;cases&lt;/field_name&gt;&lt;field_name&gt;cases_no_l&lt;/field_name&gt;&lt;field_name&gt;cases_14da&lt;/field_name&gt;&lt;field_name&gt;cases_no_1&lt;/field_name&gt;&lt;field_name&gt;cases_per_&lt;/field_name&gt;&lt;field_name&gt;cases_no_2&lt;/field_name&gt;&lt;field_name&gt;cases_14_1&lt;/field_name&gt;&lt;field_name&gt;cases_no_3&lt;/field_name&gt;&lt;field_name&gt;start_14_d&lt;/field_name&gt;&lt;field_name&gt;end_14_day&lt;/field_name&gt;&lt;/DeleteField&gt;&lt;/workflow&gt;&lt;/operationSequence&gt;</Process></lineage></DataProperties></Esri></metadata>
